{
  "hash": "3e786c49",
  "configHash": "08b6fd34",
  "lockfileHash": "eaa57977",
  "browserHash": "7e9a92c2",
  "optimized": {
    "@angular/common": {
      "src": "../../../../../../node_modules/@angular/common/fesm2022/common.mjs",
      "file": "@angular_common.js",
      "fileHash": "489b75bb",
      "needsInterop": false
    },
    "@angular/common/http": {
      "src": "../../../../../../node_modules/@angular/common/fesm2022/http.mjs",
      "file": "@angular_common_http.js",
      "fileHash": "290041f3",
      "needsInterop": false
    },
    "@angular/core": {
      "src": "../../../../../../node_modules/@angular/core/fesm2022/core.mjs",
      "file": "@angular_core.js",
      "fileHash": "e32951cc",
      "needsInterop": false
    },
    "@angular/forms": {
      "src": "../../../../../../node_modules/@angular/forms/fesm2022/forms.mjs",
      "file": "@angular_forms.js",
      "fileHash": "33d84b94",
      "needsInterop": false
    },
    "@angular/platform-browser": {
      "src": "../../../../../../node_modules/@angular/platform-browser/fesm2022/platform-browser.mjs",
      "file": "@angular_platform-browser.js",
      "fileHash": "e0d4ba3c",
      "needsInterop": false
    },
    "@angular/router": {
      "src": "../../../../../../node_modules/@angular/router/fesm2022/router.mjs",
      "file": "@angular_router.js",
      "fileHash": "7b1800ac",
      "needsInterop": false
    },
    "sweetalert2": {
      "src": "../../../../../../node_modules/sweetalert2/dist/sweetalert2.esm.all.js",
      "file": "sweetalert2.js",
      "fileHash": "21eace92",
      "needsInterop": false
    }
  },
  "chunks": {
    "chunk-R5FYAFFG": {
      "file": "chunk-R5FYAFFG.js"
    },
    "chunk-D5KWYWO6": {
      "file": "chunk-D5KWYWO6.js"
    },
    "chunk-ZL6PHI44": {
      "file": "chunk-ZL6PHI44.js"
    },
    "chunk-QZJEI57A": {
      "file": "chunk-QZJEI57A.js"
    },
    "chunk-726EETQA": {
      "file": "chunk-726EETQA.js"
    },
    "chunk-WDMUDEB6": {
      "file": "chunk-WDMUDEB6.js"
    }
  }
}